User,Weight,Height,BMI
ID_1,62,165,0.0022773186409550047
ID_2,67,177,0.002138593635289987
ID_3,55,160,0.0021484375
ID_4,74,180,0.002283950617283951
